George,$2b$10$/4vyATtDJlaj2HUmA0pauedeIeEjEjXgqd4jXeO/6oKJVNyMcbZ/m
Bob,$2b$10$mFrwIi4CRIKXWb11utM1w.T3C.p6arzyNuqQU/ZDXGD7wGmM5p08C
Alice,$2b$10$FgD9VqLTxkYh2RpN7dWtfuX6mjNIlvEYJ.o5QpjV43UzGsntq9nD6
John,$2b$10$pi5svrGHW2nmIYVqWDFYceOGk3WjI0ab8zqeYSkjclE6MaOZyCmGO
Emma,$2b$10$Z0TfN3d2JZWHWqkwLd0uQe5XOxZ0F0qYOQF3q8Fqc8WqKHNYa53vS
Liam,$2b$10$0EbvP7syVJHWv9HcLuj6xulI96D7ZHuoYkH6z6PSO8OwW8IdpRvl2
Mia,$2b$10$7IQ5fWLdBRLDJ6XNccpMguoH90b/WvYjjWy0tDNvOXr0vV68LtZmy
Jim,$2b$10$uNR8rxSUGBdHs1Jzz7iBRe5eJNdwLoFtcVkpCvHH.Xietz2nYVlx6
Mary,$2b$10$djLmckznR869STLUj2O5kev67wEsgYBxSuRsP7vK2Ammyul0xpXBm
Callum,$2b$10$ti/FxXw1vq6hEZpL1pmJIuLM/k8WKp8QFTaTToN.wIiC6yLDHcUp6
Bobby,$2b$10$XvrNOtDWPYOGYS6dpHS.1OVWnNLA7xMn.0xxV0J6yetNxG2he4yFG
